summary_stat_type,random sample,dem dist,informed consent,data public,irb,limitations,anonymity,data quality,missing values,ethics section,generalizability,target pop,hypotheses,data availability,preprocessing,var selection,var construction,var reconstruction,list models,model steps,model choice,define measures,common uses,cv,hyperparameters,attempted models,infrastructure/packages,biases/fairness,model comparison,experiment cases,results use,results misuse,predicted_score
count,24.0,24.0,24.0,24.0,24.0,24.0,24.0,24.0,24.0,24.0,24.0,24.0,24.0,24.0,24.0,24.0,24.0,24.0,24.0,24.0,24.0,24.0,24.0,24.0,24.0,24.0,24.0,24.0,24.0,24.0,24.0,24.0,24.0
mean,0.9166666666666666,0.5,0.6666666666666666,0.8333333333333334,0.3333333333333333,0.6666666666666666,0.6666666666666666,0.7083333333333334,0.0,0.25,0.375,0.875,0.7916666666666666,0.625,0.16666666666666666,0.8333333333333334,0.9166666666666666,0.625,1.0,1.0,1.0,0.9166666666666666,0.7083333333333334,0.5833333333333334,0.7916666666666666,0.9166666666666666,0.625,0.4166666666666667,1.0,1.0,1.0,0.9583333333333334,70.83333333333333
std,0.2823298512866399,0.5107539184552492,0.4815434123430768,0.3806934938134405,0.4815434123430768,0.48154341234307674,0.4815434123430768,0.4643056214875365,0.0,0.4423258684646914,0.49453535504684026,0.3378319623460881,0.41485111699905336,0.49453535504684026,0.3806934938134405,0.3806934938134405,0.2823298512866399,0.49453535504684026,0.0,0.0,0.0,0.28232985128663995,0.4643056214875365,0.5036101551853348,0.41485111699905336,0.2823298512866399,0.49453535504684026,0.5036101551853348,0.0,0.0,0.0,0.2041241452319315,12.03858530857692
min,0.0,0.0,0.0,0.0,0.0,0.0,0.0,0.0,0.0,0.0,0.0,0.0,0.0,0.0,0.0,0.0,0.0,0.0,1.0,1.0,1.0,0.0,0.0,0.0,0.0,0.0,0.0,0.0,1.0,1.0,1.0,0.0,50.0
25%,1.0,0.0,0.0,1.0,0.0,0.0,0.0,0.0,0.0,0.0,0.0,1.0,1.0,0.0,0.0,1.0,1.0,0.0,1.0,1.0,1.0,1.0,0.0,0.0,1.0,1.0,0.0,0.0,1.0,1.0,1.0,1.0,62.5
50%,1.0,0.5,1.0,1.0,0.0,1.0,1.0,1.0,0.0,0.0,0.0,1.0,1.0,1.0,0.0,1.0,1.0,1.0,1.0,1.0,1.0,1.0,1.0,1.0,1.0,1.0,1.0,0.0,1.0,1.0,1.0,1.0,70.3125
75%,1.0,1.0,1.0,1.0,1.0,1.0,1.0,1.0,0.0,0.25,1.0,1.0,1.0,1.0,0.0,1.0,1.0,1.0,1.0,1.0,1.0,1.0,1.0,1.0,1.0,1.0,1.0,1.0,1.0,1.0,1.0,1.0,81.25
max,1.0,1.0,1.0,1.0,1.0,1.0,1.0,1.0,0.0,1.0,1.0,1.0,1.0,1.0,1.0,1.0,1.0,1.0,1.0,1.0,1.0,1.0,1.0,1.0,1.0,1.0,1.0,1.0,1.0,1.0,1.0,1.0,90.625
