summary_stat_type,data_source_ph,class_collection_ph,random_sample_ph,dem_dist_ph,informed_consent_ph,irb_ph,ground_truth_size_ph,ground_truth_discussion_ph,limitations_ps,people_ph,thesis_ph,contributions_ph,implications_ph,motivation_ph,target_pop_ph,lit_task_ph,lit_context_ph,hypothesis_ph,var_construct_ph,list_models_ph,model_steps_ph,model_choice_ph,define_measures_ph,common_uses_ph,infrastructure_ph,metrics_ph,fig_explain_ph,fig_faith_ph,fig_interpret_ph,takeaways_ph,generalizability_ph,results_context_ph,results_implications_ph,results_use_ph,%_of_ph
count,50.0,50.0,50.0,50.0,50.0,50.0,50.0,50.0,50.0,50.0,50.0,50.0,50.0,50.0,50.0,50.0,50.0,50.0,50.0,50.0,50.0,50.0,50.0,50.0,50.0,50.0,50.0,50.0,50.0,50.0,50.0,50.0,50.0,50.0,50.0
mean,1.96,1.94,1.6,0.96,0.52,0.74,1.92,1.94,1.4,1.88,2.0,2.0,2.0,2.0,1.14,1.92,1.94,0.24,1.88,1.9,1.88,1.74,1.6,1.3,1.32,1.9,1.94,1.92,1.94,2.0,0.84,2.0,2.0,1.88,82.5588235298
std,0.1979486637221575,0.23989793748209526,0.7284313590846836,0.9889181885643875,0.8628382211737998,0.9648939880439021,0.2740475156178698,0.23989793748209526,0.8081220356417685,0.4797958749641905,0.0,0.0,0.0,0.0,0.9899494936611667,0.34046786536608536,0.313635691430002,0.5554920598635312,0.47979587496419057,0.3642156795423418,0.43518703462079483,0.6642473107178669,0.8081220356417687,0.9529760045804524,0.9133924207511877,0.3642156795423416,0.3136356914300021,0.395897327444315,0.3136356914300021,0.0,0.9764575708934319,0.0,0.0,0.4797958749641906,7.3018029636859
min,1.0,1.0,0.0,0.0,0.0,0.0,1.0,1.0,0.0,0.0,2.0,2.0,2.0,2.0,0.0,0.0,0.0,0.0,0.0,0.0,0.0,0.0,0.0,0.0,0.0,0.0,0.0,0.0,0.0,2.0,0.0,2.0,2.0,0.0,63.23529412
25%,2.0,2.0,1.25,0.0,0.0,0.0,2.0,2.0,1.0,2.0,2.0,2.0,2.0,2.0,0.0,2.0,2.0,0.0,2.0,2.0,2.0,2.0,2.0,0.0,0.0,2.0,2.0,2.0,2.0,2.0,0.0,2.0,2.0,2.0,78.30882353
50%,2.0,2.0,2.0,0.5,0.0,0.0,2.0,2.0,2.0,2.0,2.0,2.0,2.0,2.0,2.0,2.0,2.0,0.0,2.0,2.0,2.0,2.0,2.0,2.0,2.0,2.0,2.0,2.0,2.0,2.0,0.0,2.0,2.0,2.0,80.88235294
75%,2.0,2.0,2.0,2.0,1.0,2.0,2.0,2.0,2.0,2.0,2.0,2.0,2.0,2.0,2.0,2.0,2.0,0.0,2.0,2.0,2.0,2.0,2.0,2.0,2.0,2.0,2.0,2.0,2.0,2.0,2.0,2.0,2.0,2.0,88.23529412
max,2.0,2.0,2.0,2.0,2.0,2.0,2.0,2.0,2.0,2.0,2.0,2.0,2.0,2.0,2.0,2.0,2.0,2.0,2.0,2.0,2.0,2.0,2.0,2.0,2.0,2.0,2.0,2.0,2.0,2.0,2.0,2.0,2.0,2.0,98.52941176
